Nome,Original,_MediaEModaConjuntoCompletoAppending,_MediaEModaConjuntoCompletoNotAppending,_MediaEModaConjuntoDeMesmaClasseAppending,_MediaEModaConjuntoDeMesmaClasseNotAppending,_MediaEModa3NNConjuntoCompletoAppending,_MediaEModa5NNConjuntoCompletoAppending,_MediaEModa7NNConjuntoCompletoAppending,_MediaEModa9NNConjuntoCompletoAppending,_MediaEModa3NNConjuntoCompletoNotAppending,_MediaEModa5NNConjuntoCompletoNotAppending,_MediaEModa7NNConjuntoCompletoNotAppending,_MediaEModa9NNConjuntoCompletoNotAppending,_MediaEModa3NNConjuntoDeMesmaClasseAppending,_MediaEModa5NNConjuntoDeMesmaClasseAppending,_MediaEModa7NNConjuntoDeMesmaClasseAppending,_MediaEModa9NNConjuntoDeMesmaClasseAppending,_MediaEModa3NNConjuntoDeMesmaClasseNotAppending,_MediaEModa5NNConjuntoDeMesmaClasseNotAppending,_MediaEModa7NNConjuntoDeMesmaClasseNotAppending,_MediaEModa9NNConjuntoDeMesmaClasseNotAppending
vote,97.2477064220184,98.1651376146789,98.1651376146789,98.1651376146789,98.1651376146789,99.0825688073395,97.2477064220184,97.2477064220184,97.2477064220184,97.2477064220184,97.2477064220184,97.2477064220184,97.2477064220184,98.1651376146789,97.2477064220184,97.2477064220184,97.2477064220184,98.1651376146789,97.2477064220184,98.1651376146789,98.1651376146789
mushroom,99.9507631708518,100,100,100,100,100,100,100,100,100,100,100,100,100,100,100,100,100,100,100,100
hip,92.8571428571429,92.8571428571429,92.8571428571429,92.8571428571429,92.8571428571429,92.8571428571429,92.8571428571429,92.8571428571429,92.8571428571429,92.8571428571429,92.8571428571429,92.8571428571429,92.8571428571429,92.8571428571429,92.8571428571429,92.8571428571429,92.8571428571429,92.8571428571429,92.8571428571429,92.8571428571429,92.8571428571429
credit-approval,88.4393063583815,90.1734104046243,90.1734104046243,90.1734104046243,90.1734104046243,90.1734104046243,90.1734104046243,90.1734104046243,90.1734104046243,90.1734104046243,90.1734104046243,90.1734104046243,90.1734104046243,90.1734104046243,90.1734104046243,90.1734104046243,90.1734104046243,90.1734104046243,90.1734104046243,90.1734104046243,90.1734104046243
