Nome,Original,_MediaEModaConjuntoCompletoAppending,_MediaEModaConjuntoCompletoNotAppending,_MediaEModaConjuntoDeMesmaClasseAppending,_MediaEModaConjuntoDeMesmaClasseNotAppending,_MediaEModa3NNConjuntoCompletoAppending,_MediaEModa5NNConjuntoCompletoAppending,_MediaEModa7NNConjuntoCompletoAppending,_MediaEModa9NNConjuntoCompletoAppending,_MediaEModa3NNConjuntoCompletoNotAppending,_MediaEModa5NNConjuntoCompletoNotAppending,_MediaEModa7NNConjuntoCompletoNotAppending,_MediaEModa9NNConjuntoCompletoNotAppending,_MediaEModa3NNConjuntoDeMesmaClasseAppending,_MediaEModa5NNConjuntoDeMesmaClasseAppending,_MediaEModa7NNConjuntoDeMesmaClasseAppending,_MediaEModa9NNConjuntoDeMesmaClasseAppending,_MediaEModa3NNConjuntoDeMesmaClasseNotAppending,_MediaEModa5NNConjuntoDeMesmaClasseNotAppending,_MediaEModa7NNConjuntoDeMesmaClasseNotAppending,_MediaEModa9NNConjuntoDeMesmaClasseNotAppending
vote,97.2477064220184,98.1481481481482,98.1481481481482,98.1481481481482,98.1481481481482,98.1481481481482,98.1481481481482,97.2222222222222,97.2222222222222,97.2222222222222,97.2222222222222,96.2962962962963,96.2962962962963,98.1481481481482,98.1481481481482,98.1481481481482,98.1481481481482,98.1481481481482,98.1481481481482,98.1481481481482,98.1481481481482
mushroom,100,100,100,100,100,100,100,100,100,100,100,100,100,100,100,100,100,100,100,100,100
hip,92.8571428571429,92.8571428571429,92.8571428571429,92.8571428571429,92.8571428571429,92.8571428571429,92.8571428571429,92.8571428571429,92.8571428571429,92.8571428571429,92.8571428571429,92.8571428571429,92.8571428571429,92.8571428571429,92.8571428571429,92.8571428571429,92.8571428571429,92.8571428571429,92.8571428571429,92.8571428571429,92.8571428571429
credit-approval,89.0173410404624,87.8612716763006,87.8612716763006,87.8612716763006,87.8612716763006,87.8612716763006,87.8612716763006,87.8612716763006,87.8612716763006,87.8612716763006,87.8612716763006,87.8612716763006,87.8612716763006,87.8612716763006,87.8612716763006,86.1271676300578,87.8612716763006,87.8612716763006,87.8612716763006,86.1271676300578,87.8612716763006
