Nome,Original,_MediaEModaConjuntoCompletoAppending,_MediaEModaConjuntoCompletoNotAppending,_MediaEModaConjuntoDeMesmaClasseAppending,_MediaEModaConjuntoDeMesmaClasseNotAppending,_MediaEModa3NNConjuntoCompletoAppending,_MediaEModa5NNConjuntoCompletoAppending,_MediaEModa7NNConjuntoCompletoAppending,_MediaEModa9NNConjuntoCompletoAppending,_MediaEModa3NNConjuntoCompletoNotAppending,_MediaEModa5NNConjuntoCompletoNotAppending,_MediaEModa7NNConjuntoCompletoNotAppending,_MediaEModa9NNConjuntoCompletoNotAppending,_MediaEModa3NNConjuntoDeMesmaClasseAppending,_MediaEModa5NNConjuntoDeMesmaClasseAppending,_MediaEModa7NNConjuntoDeMesmaClasseAppending,_MediaEModa9NNConjuntoDeMesmaClasseAppending,_MediaEModa3NNConjuntoDeMesmaClasseNotAppending,_MediaEModa5NNConjuntoDeMesmaClasseNotAppending,_MediaEModa7NNConjuntoDeMesmaClasseNotAppending,_MediaEModa9NNConjuntoDeMesmaClasseNotAppending
vote,97.2477064220184,96.3302752293578,96.3302752293578,96.3302752293578,96.3302752293578,96.3302752293578,96.3302752293578,96.3302752293578,96.3302752293578,96.3302752293578,96.3302752293578,95.4128440366973,95.4128440366973,96.3302752293578,96.3302752293578,96.3302752293578,96.3302752293578,96.3302752293578,96.3302752293578,96.3302752293578,96.3302752293578
mushroom,99.9507631708518,100,100,100,100,100,100,100,100,100,100,100,100,100,100,100,100,99.9507631708518,100,100,99.9507631708518
hip,92.8571428571429,92.8571428571429,92.8571428571429,100,100,92.8571428571429,92.8571428571429,92.8571428571429,92.8571428571429,92.8571428571429,92.8571428571429,92.8571428571429,92.8571428571429,92.8571428571429,92.8571428571429,92.8571428571429,92.8571428571429,92.8571428571429,92.8571428571429,100,100
credit-approval,87.8612716763006,90.7514450867052,90.7514450867052,90.7514450867052,90.7514450867052,90.7514450867052,90.7514450867052,90.7514450867052,90.7514450867052,90.7514450867052,90.7514450867052,90.7514450867052,90.7514450867052,90.7514450867052,90.7514450867052,90.7514450867052,90.7514450867052,90.7514450867052,90.7514450867052,90.7514450867052,90.7514450867052
