Nome,Original,_MediaEModaConjuntoCompletoAppending,_MediaEModaConjuntoCompletoNotAppending,_MediaEModaConjuntoDeMesmaClasseAppending,_MediaEModaConjuntoDeMesmaClasseNotAppending,_MediaEModa3NNConjuntoCompletoAppending,_MediaEModa5NNConjuntoCompletoAppending,_MediaEModa7NNConjuntoCompletoAppending,_MediaEModa9NNConjuntoCompletoAppending,_MediaEModa3NNConjuntoCompletoNotAppending,_MediaEModa5NNConjuntoCompletoNotAppending,_MediaEModa7NNConjuntoCompletoNotAppending,_MediaEModa9NNConjuntoCompletoNotAppending,_MediaEModa3NNConjuntoDeMesmaClasseAppending,_MediaEModa5NNConjuntoDeMesmaClasseAppending,_MediaEModa7NNConjuntoDeMesmaClasseAppending,_MediaEModa9NNConjuntoDeMesmaClasseAppending,_MediaEModa3NNConjuntoDeMesmaClasseNotAppending,_MediaEModa5NNConjuntoDeMesmaClasseNotAppending,_MediaEModa7NNConjuntoDeMesmaClasseNotAppending,_MediaEModa9NNConjuntoDeMesmaClasseNotAppending
vote,99.0825688073395,99.0740740740741,99.0740740740741,99.0740740740741,99.0740740740741,97.2222222222222,97.2222222222222,97.2222222222222,97.2222222222222,97.2222222222222,97.2222222222222,98.1481481481482,98.1481481481482,99.0740740740741,97.2222222222222,97.2222222222222,97.2222222222222,99.0740740740741,97.2222222222222,99.0740740740741,99.0740740740741
mushroom,100,99.9507631708518,99.9507631708518,99.9507631708518,99.9507631708518,99.9507631708518,99.9507631708518,99.9507631708518,99.9507631708518,99.9507631708518,99.9507631708518,99.9507631708518,99.9507631708518,99.9507631708518,99.9507631708518,99.9507631708518,99.9507631708518,99.9507631708518,99.9507631708518,99.9507631708518,99.9507631708518
hip,64.2857142857143,92.8571428571429,92.8571428571429,100,100,92.8571428571429,92.8571428571429,92.8571428571429,92.8571428571429,92.8571428571429,100,92.8571428571429,100,100,100,100,100,100,100,100,100
credit-approval,82.6589595375723,90.1734104046243,90.1734104046243,90.1734104046243,90.1734104046243,90.1734104046243,90.1734104046243,90.1734104046243,90.1734104046243,90.1734104046243,90.1734104046243,90.1734104046243,90.1734104046243,90.1734104046243,90.1734104046243,90.1734104046243,90.1734104046243,90.1734104046243,90.1734104046243,90.1734104046243,90.1734104046243
