Nome,Original,_MediaEModaConjuntoCompletoAppending,_MediaEModaConjuntoCompletoNotAppending,_MediaEModaConjuntoDeMesmaClasseAppending,_MediaEModaConjuntoDeMesmaClasseNotAppending,_MediaEModa3NNConjuntoCompletoAppending,_MediaEModa5NNConjuntoCompletoAppending,_MediaEModa7NNConjuntoCompletoAppending,_MediaEModa9NNConjuntoCompletoAppending,_MediaEModa3NNConjuntoCompletoNotAppending,_MediaEModa5NNConjuntoCompletoNotAppending,_MediaEModa7NNConjuntoCompletoNotAppending,_MediaEModa9NNConjuntoCompletoNotAppending,_MediaEModa3NNConjuntoDeMesmaClasseAppending,_MediaEModa5NNConjuntoDeMesmaClasseAppending,_MediaEModa7NNConjuntoDeMesmaClasseAppending,_MediaEModa9NNConjuntoDeMesmaClasseAppending,_MediaEModa3NNConjuntoDeMesmaClasseNotAppending,_MediaEModa5NNConjuntoDeMesmaClasseNotAppending,_MediaEModa7NNConjuntoDeMesmaClasseNotAppending,_MediaEModa9NNConjuntoDeMesmaClasseNotAppending
vote,96.3302752293578,96.3302752293578,96.3302752293578,98.1651376146789,98.1651376146789,98.1651376146789,98.1651376146789,98.1651376146789,98.1651376146789,98.1651376146789,98.1651376146789,98.1651376146789,98.1651376146789,98.1651376146789,98.1651376146789,98.1651376146789,98.1651376146789,98.1651376146789,98.1651376146789,98.1651376146789,98.1651376146789
mushroom,100,100,100,100,100,100,100,100,100,100,100,100,100,100,100,100,100,99.9507631708518,99.9507631708518,99.9507631708518,99.9507631708518
hip,92.8571428571429,100,100,100,100,85.7142857142857,100,100,100,100,100,100,100,92.8571428571429,100,100,100,100,100,100,100
credit-approval,87.2832369942196,91.3294797687861,91.3294797687861,91.3294797687861,91.3294797687861,91.3294797687861,91.3294797687861,91.3294797687861,91.3294797687861,91.3294797687861,91.3294797687861,91.3294797687861,91.3294797687861,91.3294797687861,91.3294797687861,91.3294797687861,91.3294797687861,91.3294797687861,91.3294797687861,91.3294797687861,91.3294797687861
